url,label
http://example.com,benign
https://google.com,benign
https://facebook.com,benign
https://amazon.com,benign
https://microsoft.com,benign
https://apple.com,benign
https://netflix.com,benign
https://twitter.com,benign
https://instagram.com,benign
https://linkedin.com,benign
https://youtube.com,benign
https://github.com,benign
https://reddit.com,benign
https://wikipedia.org,benign
https://paypal.com,benign
https://secure.bank.com/login,benign
http://verify-account-secure-login.evil.com,phishing
http://paypal-security-check-login.evil.co,phishing
http://update-your-bank-password.evil.io,phishing
https://www.google.com,benign
https://www.amazon.com/products,benign
https://github.com/user/repo,benign
https://stackoverflow.com/questions,benign
https://www.wikipedia.org/wiki/Main_Page,benign
https://www.microsoft.com/download,benign
https://www.apple.com/store,benign
https://www.reddit.com/r/technology,benign
https://www.youtube.com/watch,benign
https://www.linkedin.com/in/profile,benign
https://www.paypal.com/signin,benign
https://www.chase.com/personal/online-banking,benign
https://www.bankofamerica.com/login,benign
https://www.wellsfargo.com/account-access,benign
https://mail.google.com/mail,benign
https://outlook.live.com/mail,benign
https://www.dropbox.com/login,benign
https://accounts.google.com/signin,benign
https://login.live.com,benign
https://www.facebook.com/login,benign
http://paypa1-verify-account.com/login,phishing
http://secure-chase-banking.net/verify,phishing
http://amazon-customer-support.co/update,phishing
http://apple-id-verify-now.net/signin,phishing
http://microsoft-account-security.org/confirm,phishing
http://verify-your-netflix-account.net,phishing
http://secure-bankofamerica-login.com,phishing
http://wellsfargo-account-verify.net,phishing
http://update-google-security.org/confirm,phishing
http://facebook-security-check.net/verify,phishing
http://instagram-verify-account.org,phishing
http://linkedin-security-update.net,phishing
http://dropbox-storage-upgrade.com,phishing
http://amazon-prize-winner.net/claim,phishing
http://your-package-delivery.com/track,phishing
http://irs-tax-refund-pending.org,phishing
http://confirm-your-email-outlook.net,phishing
http://reset-apple-password-now.com,phishing
http://verify-ebay-account-urgent.net,phishing
http://twitter-account-suspended.org,phishing
https://www.netflix.com/browse,benign
https://www.spotify.com/account,benign
https://www.ebay.com/signin,benign
https://twitter.com/login,benign
https://www.instagram.com/accounts/login,benign
https://www.adobe.com/account,benign
https://store.steampowered.com/login,benign
https://www.target.com/account,benign
https://www.walmart.com/account,benign
https://www.bestbuy.com/identity/signin,benign
http://confirm-shipment-fedex.net/track,phishing
http://usps-package-redelivery.org,phishing
http://dhl-tracking-update.com,phishing
http://ups-delivery-failed.net/reschedule,phishing
http://amazon-order-cancelled.org/confirm,phishing
http://your-account-limited-paypal.com,phishing
http://unusual-activity-detected.net/verify,phishing
http://security-alert-microsoft.org,phishing
http://google-drive-shared-file.net/view,phishing
http://dropbox-file-shared.org/download,phishing
https://www.nytimes.com/subscribe,benign
https://www.cnn.com/news,benign
https://www.bbc.com/news,benign
https://www.espn.com/scores,benign
https://www.imdb.com/movies,benign
https://www.twitch.tv/directory,benign
https://www.zoom.us/signin,benign
https://slack.com/signin,benign
https://trello.com/login,benign
https://www.salesforce.com/login,benign
http://verify-icloud-account.net/signin,phishing
http://apple-support-case.org/verify,phishing
http://microsoft-office365-renew.com,phishing
http://google-workspace-verify.net,phishing
http://adobe-license-expired.org/renew,phishing
http://norton-antivirus-renewal.com,phishing
http://mcafee-subscription-ended.net,phishing
http://quickbooks-payment-failed.org,phishing
http://spotify-premium-expired.com/renew,phishing
http://hulu-account-suspended.net/verify,phishing
https://www.airbnb.com/login,benign
https://www.booking.com/signin,benign
https://www.expedia.com/user/signin,benign
https://www.uber.com/login,benign
https://www.lyft.com/login,benign
https://www.doordash.com/accounts/login,benign
https://www.grubhub.com/login,benign
https://www.venmo.com/account/sign-in,benign
https://www.cashapp.com/login,benign
https://www.coinbase.com/signin,benign
http://coinbase-security-alert.org/verify,phishing
http://binance-account-verification.net,phishing
http://crypto-wallet-recovery.com/restore,phishing
http://blockchain-support-ticket.org,phishing
http://metamask-verify-wallet.net,phishing
http://trustwallet-security-check.com,phishing
http://venmo-payment-pending.org/confirm,phishing
http://cashapp-refund-available.net/claim,phishing
http://zelle-transfer-failed.com/retry,phishing
http://paypal-dispute-resolution.org,phishing
https://www.nvidia.com/geforce,benign
https://www.amd.com/products,benign
https://www.intel.com/processors,benign
https://www.dell.com/shop,benign
https://www.hp.com/support,benign
https://www.lenovo.com/laptops,benign
https://www.asus.com/store,benign
https://www.samsung.com/galaxy,benign
https://www.lg.com/electronics,benign
https://www.sony.com/products,benign
http://appleid-locked.com/unlock,phishing
http://icloud-storage-full.net/upgrade,phishing
http://apple-receipt-invoice.org,phishing
http://itunes-billing-problem.com,phishing
http://app1e-support.com/verify,phishing
http://appleid-suspended.net/restore,phishing
http://apple-security-team.org/alert,phishing
http://icloud-unusual-activity.com,phishing
http://apple-payment-declined.net,phishing
http://appstore-refund.org/process,phishing
https://www.oracle.com/cloud,benign
https://www.ibm.com/products,benign
https://www.cisco.com/solutions,benign
https://www.vmware.com/products,benign
https://www.redhat.com/linux,benign
https://www.canonical.com/ubuntu,benign
https://www.docker.com/products,benign
https://www.kubernetes.io/docs,benign
https://www.terraform.io/downloads,benign
https://www.ansible.com/products,benign
http://paypal-limitation.com/resolve,phishing
http://paypa1.com-secure.net/login,phishing
http://paypal-account-review.org,phishing
http://paypal-unusual-activity.net/verify,phishing
http://paypal-confirm-identity.com,phishing
http://paypal-payment-received.org/claim,phishing
http://secure-paypal-login.net,phishing
http://paypal-case-id.com/respond,phishing
http://paypal-refund-department.org,phishing
http://paypal-billing-resolution.net,phishing
https://www.visa.com/cards,benign
https://www.mastercard.com/offers,benign
https://www.americanexpress.com/login,benign
https://www.discover.com/account,benign
https://www.capitalone.com/signin,benign
https://www.citi.com/credit-cards,benign
https://www.usbank.com/online-banking,benign
https://www.pnc.com/personal,benign
https://www.tdbank.com/personal,benign
https://www.regions.com/personal,benign
http://amazon-account-suspended.com/appeal,phishing
http://amazon-verify-payment.net,phishing
http://amaz0n-security.com/confirm,phishing
http://amazon-billing-issue.org/update,phishing
http://amazon-gift-card.net/redeem,phishing
http://amazon-prize-claim.com/winner,phishing
http://amazon-review-reward.org,phishing
http://amazon-refund-pending.net/process,phishing
http://amazon-customer-survey.com/reward,phishing
http://amazon-delivery-problem.org/reschedule,phishing
https://www.shopify.com/login,benign
https://www.etsy.com/signin,benign
https://www.aliexpress.com/account,benign
https://www.wish.com/login,benign
https://www.overstock.com/account,benign
https://www.wayfair.com/account,benign
https://www.newegg.com/account,benign
https://www.chewy.com/account,benign
https://www.costco.com/logon,benign
https://www.samsclub.com/login,benign
http://netflix-payment-update.com/billing,phishing
http://netfl1x-verify.com/account,phishing
http://netflix-subscription-expired.net,phishing
http://netflix-billing-problem.org/fix,phishing
http://netflix-account-hold.com/resolve,phishing
http://netflix-unusual-activity.net/verify,phishing
http://netflix-free-trial.org/claim,phishing
http://netflix-account-suspended.com/restore,phishing
http://netflix-payment-failed.net/retry,phishing
http://netflix-verification-required.org,phishing
https://www.hulu.com/welcome,benign
https://www.disneyplus.com/login,benign
https://www.hbomax.com/signin,benign
https://www.paramount.com/account,benign
https://www.peacocktv.com/signin,benign
https://www.crunchyroll.com/login,benign
https://www.funimation.com/log-in,benign
https://www.primevideo.com,benign
https://www.appletv.com,benign
https://www.tidal.com/login,benign
http://microsoft-account-unusual-activity.com,phishing
http://windows-license-expired.net/renew,phishing
http://microsoft-security-alert.org/verify,phishing
http://office365-subscription-ending.com,phishing
http://microsoft-billing-issue.net/update,phishing
http://outlook-storage-full.org/upgrade,phishing
http://onedrive-file-shared.com/view,phishing
http://teams-meeting-link.net/join,phishing
http://microsoft-password-reset.org,phishing
http://xbox-account-suspended.com/appeal,phishing
https://www.python.org/downloads,benign
https://www.java.com/download,benign
https://nodejs.org/download,benign
https://www.ruby-lang.org,benign
https://www.php.net/downloads,benign
https://www.rust-lang.org,benign
https://go.dev/dl,benign
https://www.swift.org/download,benign
https://www.scala-lang.org,benign
https://kotlinlang.org,benign
http://google-account-disabled.com/restore,phishing
http://gmail-storage-exceeded.net/upgrade,phishing
http://google-suspicious-activity.org/verify,phishing
http://google-drive-violation.com/appeal,phishing
http://youtube-copyright-strike.net/dispute,phishing
http://google-ads-suspended.org/review,phishing
http://google-play-refund.com/claim,phishing
http://google-business-suspended.net/restore,phishing
http://google-photos-full.org/upgrade,phishing
http://google-voice-verification.com,phishing
https://www.cloudflare.com/plans,benign
https://aws.amazon.com/console,benign
https://azure.microsoft.com/account,benign
https://cloud.google.com/console,benign
https://www.digitalocean.com/login,benign
https://www.linode.com/login,benign
https://www.vultr.com/account,benign
https://www.heroku.com/login,benign
https://vercel.com/login,benign
https://www.netlify.com/login,benign
http://facebook-copyright-violation.com/appeal,phishing
http://facebook-account-disabled.net/restore,phishing
http://facebook-security-check.org/verify,phishing
http://facebook-page-unpublished.com/review,phishing
http://facebook-ad-account-disabled.net,phishing
http://messenger-verify-identity.org,phishing
http://facebook-unusual-login.com/confirm,phishing
http://facebook-payment-issue.net/update,phishing
http://facebook-business-suite.org/verify,phishing
http://facebook-2fa-required.com/setup,phishing
https://www.tiktok.com/login,benign
https://www.snapchat.com/login,benign
https://www.pinterest.com/login,benign
https://www.tumblr.com/login,benign
https://www.vimeo.com/log_in,benign
https://www.dailymotion.com/signin,benign
https://www.flickr.com/signin,benign
https://www.deviantart.com/users/login,benign
https://www.medium.com/m/signin,benign
https://www.quora.com/login,benign
http://instagram-verify-badge.com/apply,phishing
http://instagram-account-warning.net/appeal,phishing
http://instagram-copyright-claim.org/dispute,phishing
http://instagram-disabled-account.com/restore,phishing
http://instagram-suspicious-activity.net/verify,phishing
http://instagram-business-tools.org/verify,phishing
http://instagram-payment-method.com/update,phishing
http://instagram-support-team.net/contact,phishing
http://instagram-verification-required.org,phishing
http://instagram-login-attempt.com/confirm,phishing
https://www.discord.com/login,benign
https://www.telegram.org,benign
https://www.whatsapp.com,benign
https://www.signal.org/download,benign
https://www.viber.com/download,benign
https://www.wechat.com,benign
https://www.line.me/download,benign
https://www.skype.com/signin,benign
https://meet.google.com,benign
https://www.webex.com/login,benign
http://linkedin-profile-views.com/see-who,phishing
http://linkedin-premium-trial.net/activate,phishing
http://linkedin-job-alert.org/apply,phishing
http://linkedin-connection-request.com,phishing
http://linkedin-message-waiting.net/read,phishing
http://linkedin-account-restricted.org/appeal,phishing
http://linkedin-verify-employment.com,phishing
http://linkedin-recruiter-message.net,phishing
http://linkedin-endorsement.org/view,phishing
http://linkedin-security-update.com/verify,phishing
https://www.glassdoor.com/index.htm,benign
https://www.indeed.com/account,benign
https://www.monster.com/login,benign
https://www.ziprecruiter.com/login,benign
https://www.careerbuilder.com/login,benign
https://www.hired.com/login,benign
https://www.dice.com/dashboard,benign
https://angel.co/login,benign
https://www.flexjobs.com/login,benign
https://www.upwork.com/ab/account-security/login,benign
http://docusign-document-ready.com/view,phishing
http://docusign-action-required.net/sign,phishing
http://docusign-expiring-soon.org/complete,phishing
http://secure-docusign-portal.com,phishing
http://docusign-verification.net/authenticate,phishing
http://docusign-shared-document.org/access,phishing
http://docusign-envelope-completed.com,phishing
http://docusign-reminder.net/finish,phishing
http://docusign-final-notice.org/sign,phishing
http://docusign-security-check.com/verify,phishing
https://www.adobesign.com,benign
https://www.hellosign.com/login,benign
https://www.pandadoc.com/login,benign
https://www.signrequest.com/login,benign
https://www.signnow.com/login,benign
https://www.eversign.com/login,benign
https://www.signeasily.com/login,benign
https://www.signable.co.uk/login,benign
https://www.proposify.com/login,benign
https://www.getaccept.com/login,benign
http://wells-fargo-alert.com/verify,phishing
http://wellsfargo-fraud-department.net,phishing
http://wellsfargo-online-banking.org/login,phishing
http://wells-fargo-security.com/confirm,phishing
http://wellsfargo-account-locked.net/unlock,phishing
http://wellsfargo-wire-transfer.org/approve,phishing
http://wells-fargo-mobile-banking.com,phishing
http://wellsfargo-customer-service.net/contact,phishing
http://wellsfargo-debit-card.org/activate,phishing
http://wells-fargo-mortgage.com/payment,phishing
https://www.schwab.com/login,benign
https://www.fidelity.com/customer-service/login,benign
https://www.vanguard.com/user/login,benign
https://www.etrade.com/login,benign
https://www.tdameritrade.com/home.page,benign
https://www.robinhood.com/login,benign
https://www.webull.com/login,benign
https://www.interactivebrokers.com/login,benign
https://www.merrilledge.com/login,benign
https://www.sofi.com/login,benign
http://chase-fraud-alert.com/verify,phishing
http://chase-mobile-banking.net/login,phishing
http://chase-account-verification.org,phishing
http://secure-chase-online.com/signin,phishing
http://chase-credit-card.net/activate,phishing
http://chase-rewards-center.org/redeem,phishing
http://chase-customer-center.com/support,phishing
http://chase-security-department.net/alert,phishing
http://chase-wire-department.org/confirm,phishing
http://chase-auto-finance.com/payment,phishing
https://www.ally.com/login,benign
https://www.marcus.com/login,benign
https://www.discover.com/online-banking,benign
https://www.synchronybank.com/login,benign
https://www.citizensbank.com/login,benign
https://www.huntington.com/login,benign
https://www.53.com/login,benign
https://www.keybank.com/login,benign
https://www.suntrust.com/login,benign
https://www.bbt.com/login,benign
http://bankofamerica-alerts.com/verify,phishing
http://bank-of-america-online.net/signin,phishing
http://bankofamerica-security-center.org,phishing
http://bofa-account-services.com/update,phishing
http://bankofamerica-fraud-prevention.net,phishing
http://boa-mobile-banking.org/login,phishing
http://bankofamerica-credit-cards.com/activate,phishing
http://bofa-customer-service.net/contact,phishing
http://bankofamerica-rewards.org/claim,phishing
http://bank-of-america-mortgage.com/payment,phishing
https://www.nerdwallet.com/login,benign
https://www.creditkarma.com/auth/logon,benign
https://www.mint.com/login,benign
https://www.ynab.com/sign-in,benign
https://www.personalcapital.com/login,benign
https://www.quicken.com/login,benign
https://www.acorns.com/login,benign
https://www.stash.com/login,benign
https://www.betterment.com/login,benign
https://www.wealthfront.com/login,benign
http://irs-tax-notice.com/respond,phishing
http://irs-refund-processing.net/claim,phishing
http://irs-final-notice.org/payment,phishing
http://irs-audit-department.com/documents,phishing
http://irs-verification-portal.net/verify,phishing
http://irs-payment-portal.org/pay,phishing
http://irs-direct-deposit.com/setup,phishing
http://irs-stimulus-check.net/claim,phishing
http://irs-transcript-request.org/download,phishing
http://irs-identity-verification.com/confirm,phishing
https://www.irs.gov,benign
https://www.turbotax.com/login,benign
https://www.hrblock.com/login,benign
https://www.taxact.com/login,benign
https://www.freetaxusa.com/login,benign
https://www.creditkarma.com/tax,benign
https://www.taxslayer.com/login,benign
https://www.efile.com/login,benign
https://www.1040.com/login,benign
https://www.filemytaxes.com/login,benign
http://usps-redelivery-request.com/schedule,phishing
http://usps-tracking-notification.net/view,phishing
http://usps-package-held.org/release,phishing
http://usps-delivery-failed.com/reschedule,phishing
http://usps-customs-fee.net/pay,phishing
http://usps-address-verification.org/confirm,phishing
http://usps-package-claim.com/file,phishing
http://usps-informed-delivery.net/signup,phishing
http://usps-shipping-label.org/print,phishing
http://usps-postage-due.com/payment,phishing
https://www.usps.com,benign
https://www.fedex.com/login,benign
https://www.ups.com/login,benign
https://www.dhl.com/login,benign
https://www.ontrac.com,benign
https://www.lasership.com,benign
https://www.pitneybowes.com/login,benign
https://www.canadapost.ca/login,benign
https://www.royalmail.com/login,benign
https://www.auspost.com.au/login,benign
http://fedex-delivery-attempt.com/reschedule,phishing
http://fedex-tracking-update.net/view,phishing
http://fedex-package-exception.org/resolve,phishing
http://fedex-customs-clearance.com/pay,phishing
http://fedex-signature-required.net/authorize,phishing
http://fedex-delivery-manager.org/signup,phishing
http://fedex-invoice-payment.com/pay,phishing
http://fedex-shipment-delayed.net/update,phishing
http://fedex-address-correction.org/verify,phishing
http://fedex-hold-location.com/select,phishing
https://www.stripe.com/login,benign
https://www.paypal.com/us/home,benign
https://www.square.com/login,benign
https://www.braintreepayments.com/login,benign
https://www.adyen.com/login,benign
https://www.authorize.net/login,benign
https://www.2checkout.com/login,benign
https://www.checkout.com/login,benign
https://www.worldpay.com/login,benign
https://www.payoneer.com/login,benign
http://dhl-delivery-notification.com/confirm,phishing
http://dhl-customs-invoice.net/payment,phishing
http://dhl-tracking-problem.org/update,phishing
http://dhl-delivery-reschedule.com/select,phishing
http://dhl-package-on-hold.net/release,phishing
http://dhl-express-delivery.org/track,phishing
http://dhl-shipment-exception.com/resolve,phishing
http://dhl-delivery-attempt.net/retry,phishing
http://dhl-address-update.org/verify,phishing
http://dhl-duty-payment.com/pay,phishing
https://www.atlassian.com/login,benign
https://www.jira.com/login,benign
https://www.confluence.com/login,benign
https://www.bitbucket.org/account/signin,benign
https://www.asana.com/login,benign
https://www.monday.com/login,benign
https://www.notion.so/login,benign
https://www.airtable.com/login,benign
https://www.basecamp.com/signin,benign
https://www.clickup.com/login,benign
http://ups-delivery-exception.com/resolve,phishing
http://ups-tracking-notification.net/view,phishing
http://ups-signature-authorization.org/approve,phishing
http://ups-customs-payment.com/pay,phishing
http://ups-delivery-preferences.net/setup,phishing
http://ups-package-redirect.org/change,phishing
http://ups-billing-inquiry.com/review,phishing
http://ups-delivery-confirmation.net/sign,phishing
http://ups-address-validation.org/verify,phishing
http://ups-freight-quote.com/calculate,phishing
https://www.mailchimp.com/login,benign
https://www.constantcontact.com/login,benign
https://www.sendinblue.com/login,benign
https://www.campaignmonitor.com/login,benign
https://www.aweber.com/users/login,benign
https://www.getresponse.com/login,benign
https://www.activecampaign.com/login,benign
https://www.convertkit.com/users/login,benign
https://www.drip.com/login,benign
https://www.klaviyo.com/login,benign
http://norton-renewal-notice.com/renew,phishing
http://norton-subscription-expired.net/reactivate,phishing
http://norton-security-alert.org/scan,phishing
http://norton-auto-renewal.com/cancel,phishing
http://norton-refund-processing.net/claim,phishing
http://norton-support-center.org/contact,phishing
http://norton-license-verification.com/verify,phishing
http://norton-billing-issue.net/update,phishing
http://norton-virus-detected.org/remove,phishing
http://norton-product-key.com/activate,phishing
https://www.norton.com/login,benign
https://www.mcafee.com/login,benign
https://www.kaspersky.com/my-kaspersky,benign
https://www.bitdefender.com/login,benign
https://www.avast.com/login,benign
https://www.avg.com/login,benign
https://www.malwarebytes.com/login,benign
https://www.eset.com/login,benign
https://www.trendmicro.com/login,benign
https://www.sophos.com/login,benign
http://mcafee-auto-renewal-notice.com/cancel,phishing
http://mcafee-subscription-ending.net/renew,phishing
http://mcafee-virus-alert.org/scan,phishing
http://mcafee-payment-failed.com/update,phishing
http://mcafee-support-ticket.net/view,phishing
http://mcafee-license-expired.org/activate,phishing
http://mcafee-refund-department.com/claim,phishing
http://mcafee-security-scan.net/run,phishing
http://mcafee-customer-service.org/contact,phishing
http://mcafee-product-update.com/download,phishing
https://www.geeksquad.com,benign
https://support.apple.com,benign
https://support.google.com,benign
https://support.microsoft.com,benign
https://www.samsung.com/support,benign
https://www.dell.com/support,benign
https://support.hp.com,benign
https://www.lenovo.com/support,benign
https://www.asus.com/support,benign
https://www.acer.com/support,benign
http://geek-squad-protection.com/renew,phishing
http://geeksquad-invoice.net/payment,phishing
http://geek-squad-renewal-notice.org,phishing
http://geeksquad-auto-renewal.com/cancel,phishing
http://geek-squad-refund.net/claim,phishing
http://geeksquad-support-ticket.org/view,phishing
http://geek-squad-billing.com/update,phishing
http://geeksquad-membership.net/verify,phishing
http://geek-squad-tech-support.org/contact,phishing
http://geeksquad-subscription.com/manage,phishing
https://www.bestbuy.com,benign
https://www.microcenter.com/login,benign
https://www.frys.com/login,benign
https://www.bhphotovideo.com/login,benign
https://www.adorama.com/login,benign
https://www.tigerdirect.com/login,benign
https://www.cdw.com/shop/login,benign
https://www.staples.com/account,benign
https://www.officedepot.com/login,benign
https://www.officemax.com/login,benign
http://quickbooks-payment-update.com/billing,phishing
http://quickbooks-subscription-expired.net/renew,phishing
http://quickbooks-invoice-payment.org/pay,phishing
http://quickbooks-account-suspended.com/restore,phishing
http://quickbooks-billing-issue.net/resolve,phishing
http://quickbooks-payroll-alert.org/update,phishing
http://quickbooks-security-verification.com,phishing
http://quickbooks-customer-refund.net/process,phishing
http://quickbooks-auto-renewal.org/cancel,phishing
http://quickbooks-support-case.com/respond,phishing
https://quickbooks.intuit.com/login,benign
https://www.xero.com/login,benign
https://www.freshbooks.com/login,benign
https://www.wave.com/login,benign
https://www.zohobooks.com/login,benign
https://www.sage.com/login,benign
https://www.kashoo.com/login,benign
https://www.receipt-bank.com/login,benign
https://www.expensify.com/signin,benign
https://www.gusto.com/login,benign
http://steam-account-alert.com/verify,phishing
http://steam-trade-confirmation.net/accept,phishing
http://steam-gift-received.org/claim,phishing
http://steam-vac-ban-appeal.com/submit,phishing
http://steam-payment-issue.net/update,phishing
http://steam-community-warning.org/review,phishing
http://steam-inventory-value.com/check,phishing
http://steam-free-games.net/download,phishing
http://steam-security-code.org/verify,phishing
http://steam-wallet-code.com/redeem,phishing
https://store.steampowered.com,benign
https://www.epicgames.com/login,benign
https://www.origin.com/login,benign
https://www.ubisoft.com/login,benign
https://www.gog.com/login,benign
https://www.humblebundle.com/login,benign
https://www.greenmangaming.com/login,benign
https://www.g2a.com/login,benign
https://www.kinguin.net/login,benign
https://www.fanatical.com/login,benign
http://playstation-network-suspended.com/appeal,phishing
http://psn-payment-method-expired.net/update,phishing
http://playstation-account-security.org/verify,phishing
http://psn-free-games.com/claim,phishing
http://playstation-store-refund.net/request,phishing
http://psn-unusual-activity.org/confirm,phishing
http://playstation-plus-renewal.com/manage,phishing
http://psn-account-banned.net/appeal,phishing
http://playstation-support-ticket.org/respond,phishing
http://psn-code-generator.com/free,phishing
https://www.playstation.com/login,benign
https://www.xbox.com/login,benign
https://www.nintendo.com/login,benign
https://www.ea.com/login,benign
https://www.rockstargames.com/login,benign
https://www.blizzard.com/login,benign
https://www.riotgames.com/login,benign
https://www.epicgames.com/account,benign
https://www.bethesda.net/login,benign
https://www.ubisoft.com/account,benign
http://xbox-live-account-suspended.com/restore,phishing
http://xbox-payment-verification.net/confirm,phishing
http://xbox-game-pass-expired.org/renew,phishing
http://xbox-live-gold-ending.com/reactivate,phishing
http://xbox-security-alert.net/verify,phishing
http://xbox-code-redemption.org/redeem,phishing
http://xbox-account-recovery.com/restore,phishing
http://xbox-billing-problem.net/fix,phishing
http://xbox-support-case.org/respond,phishing
http://xbox-insider-program.com/join,phishing
https://www.twitch.tv,benign
https://www.youtube.com,benign
https://www.mixer.com/login,benign
https://www.dlive.tv/login,benign
https://www.trovo.live/login,benign
https://www.facebook.com/gaming,benign
https://www.streamlabs.com/login,benign
https://www.obs.studio,benign
https://www.streamelements.com/login,benign
https://www.nightbot.tv/login,benign
http://twitter-verified-badge.com/apply,phishing
http://twitter-account-locked.net/unlock,phishing
http://twitter-copyright-complaint.org/dispute,phishing
http://twitter-blue-subscription.com/join,phishing
http://twitter-ads-suspended.net/appeal,phishing
http://twitter-dm-request.org/view,phishing
http://twitter-follower-analytics.com/premium,phishing
http://twitter-verification-process.net/apply,phishing
http://twitter-security-update.org/verify,phishing
http://twitter-monetization-eligible.com/claim,phishing
https://www.threads.net,benign
https://www.mastodon.social,benign
https://www.bluesky.social,benign
https://www.parler.com/login,benign
https://www.gab.com/auth/sign_in,benign
https://www.gettr.com/login,benign
https://www.truthsocial.com/login,benign
https://www.clubhouse.com,benign
https://www.reddit.com/login,benign
http://reddit-gold-free-trial.com/activate,phishing
http://reddit-account-suspended.net/appeal,phishing
http://reddit-copyright-strike.org/dispute,phishing
http://reddit-karma-boost.com/premium,phishing
http://reddit-mod-invitation.net/accept,phishing
http://reddit-award-received.org/claim,phishing
http://reddit-premium-discount.com/offer,phishing
http://reddit-verification-required.net/verify,phishing
http://reddit-community-violation.org/review,phishing
http://reddit-coins-generator.com/free,phishing
https://www.github.com,benign
https://gitlab.com/users/sign_in,benign
https://bitbucket.org/account/signin,benign
https://www.sourceforge.net/account/login,benign
https://www.codepen.io/accounts/login,benign
https://www.jsfiddle.net/login,benign
https://codesandbox.io/signin,benign
https://replit.com/login,benign
https://glitch.com/signin,benign
https://www.npmjs.com/login,benign
http://github-security-alert.com/verify,phishing
http://github-copilot-access.net/activate,phishing
http://github-repository-dmca.org/respond,phishing
http://github-sponsors-payment.com/setup,phishing
http://github-pro-upgrade.net/discount,phishing
http://github-code-review.org/respond,phishing
http://github-actions-failed.com/debug,phishing
http://github-dependabot-alert.net/fix,phishing
http://github-enterprise-trial.org/activate,phishing
http://github-pages-suspended.com/appeal,phishing
https://stackoverflow.com,benign
https://stackexchange.com,benign
https://serverfault.com,benign
https://superuser.com,benign
https://askubuntu.com,benign
https://www.reddit.com/r/programming,benign
https://news.ycombinator.com,benign
https://dev.to,benign
https://hashnode.com,benign
https://www.freecodecamp.org,benign
